,Chain_name,Chain_num,Residue,Type,x_new,y_new,z_new
0,A,0,ARG,CA,40,25,0
1,A,0,ARG,C,40,25,2
2,A,0,ARG,O,41,26,2
3,A,0,PRO,N,40,25,3
4,A,0,PRO,CA,40,25,4
5,A,0,PRO,C,41,25,5
6,A,0,PRO,O,42,24,5
7,A,0,PRO,CB,39,24,5
8,A,0,PRO,CG,39,23,4
9,A,0,PRO,CD,39,23,3
10,A,0,ARG,N,41,26,5
11,A,0,ARG,CA,43,26,6
12,A,0,ARG,C,43,26,7
13,A,0,ARG,O,44,25,8
14,A,0,ARG,CB,43,28,7
15,A,0,ARG,CG,42,29,6
16,A,0,ARG,CD,43,30,6
17,A,0,ARG,NE,43,31,7
18,A,0,ARG,CZ,42,31,7
19,A,0,ARG,NH1,41,31,7
20,A,0,ARG,NH2,42,32,9
21,A,0,HIS,N,42,25,8
22,A,0,HIS,CA,42,24,9
23,A,0,HIS,C,41,23,9
24,A,0,HIS,O,40,23,9
25,A,0,HIS,CB,41,25,10
26,A,0,HIS,CG,42,26,11
27,A,0,HIS,ND1,42,27,10
28,A,0,HIS,CD2,44,26,11
29,A,0,HIS,CE1,43,28,10
30,A,0,HIS,NE2,44,27,11
31,A,0,GLN,N,41,22,10
32,A,0,GLN,CA,41,21,10
33,A,0,GLN,C,39,21,11
34,A,0,GLN,O,40,21,12
35,A,0,GLN,CB,41,19,10
36,A,0,GLN,CG,42,19,10
37,A,0,GLN,CD,42,19,8
38,A,0,GLN,OE1,42,19,7
39,A,0,GLN,NE2,41,18,8
40,A,0,GLY,N,38,20,11
41,A,0,GLY,CA,37,20,11
42,A,0,GLY,C,36,20,11
43,A,0,GLY,O,36,20,9
44,A,0,VAL,N,35,20,11
45,A,0,VAL,CA,33,20,10
46,A,0,VAL,C,32,21,11
47,A,0,VAL,O,32,22,12
48,A,0,VAL,CB,33,19,11
49,A,0,VAL,CG1,34,18,10
50,A,0,VAL,CG2,33,19,12
51,A,0,MET,N,31,21,10
52,A,0,MET,CA,30,22,10
53,A,0,MET,C,29,21,11
54,A,0,MET,O,29,20,11
55,A,0,MET,CB,29,22,9
56,A,0,MET,CG,30,23,8
57,A,0,MET,SD,30,25,9
58,A,0,MET,CE,29,26,9
59,A,0,VAL,N,28,21,12
60,A,0,VAL,CA,27,20,12
61,A,0,VAL,C,26,20,11
62,A,0,VAL,O,26,20,11
63,A,0,VAL,CB,26,21,13
64,A,0,VAL,CG1,25,20,14
65,A,0,VAL,CG2,27,22,15
66,A,0,GLY,N,27,18,11
67,A,0,GLY,CA,26,17,11
68,A,0,GLY,C,26,17,9
69,A,0,GLY,O,26,16,9
70,A,0,MET,N,27,18,9
71,A,0,MET,CA,28,17,8
72,A,0,MET,C,29,17,8
73,A,0,MET,O,30,17,9
74,A,0,MET,CB,29,19,7
75,A,0,MET,CG,28,18,6
76,A,0,MET,SD,26,19,6
77,A,0,MET,CE,26,21,7
78,A,0,GLY,N,30,16,7
79,A,0,GLY,CA,31,15,7
80,A,0,GLY,C,32,16,7
81,A,0,GLY,O,32,18,6
82,A,0,GLN,N,34,16,7
83,A,0,GLN,CA,35,17,6
84,A,0,GLN,C,35,17,5
85,A,0,GLN,O,34,16,4
86,A,0,GLN,CB,36,16,7
87,A,0,GLN,CG,37,16,8
88,A,0,GLN,CD,38,17,8
89,A,0,GLN,OE1,38,18,7
90,A,0,GLN,NE2,38,17,9
91,A,0,LYS,N,35,18,4
92,A,0,LYS,CA,35,19,3
93,A,0,LYS,C,36,19,3
94,A,0,LYS,O,37,20,3
95,A,0,LYS,CB,34,20,3
96,A,0,LYS,CG,32,19,3
97,A,0,LYS,CD,32,20,1
98,A,0,LYS,CE,31,20,0
99,A,0,ASP,N,37,19,2
100,A,0,ASP,CA,38,19,1
101,A,0,ASP,C,38,20,0
102,A,0,ASP,O,39,21,0
103,A,0,ASP,CB,38,18,0
104,A,0,TYR,CG,33,24,1
105,A,0,TYR,CD1,32,24,1
106,A,0,TYR,CD2,34,24,2
107,A,0,TYR,CE1,31,24,2
108,A,0,TYR,CE2,34,24,3
109,A,0,TYR,CZ,32,23,3
110,A,0,TYR,OH,32,23,4
111,A,0,GLU,C,31,28,0
112,A,0,GLU,O,31,28,1
113,A,0,GLU,CG,28,26,1
114,A,0,GLU,CD,28,25,1
115,A,0,GLU,OE1,28,24,1
116,A,0,GLU,OE2,28,25,3
117,A,0,ALA,O,34,31,0
118,A,0,GLN,C,32,33,1
119,A,0,GLN,O,32,33,2
120,A,0,SER,N,30,32,1
121,A,0,SER,CA,30,32,3
122,A,0,SER,C,31,32,4
123,A,0,SER,O,31,32,5
124,A,0,SER,CB,29,31,3
125,A,0,SER,OG,29,30,3
126,A,0,LYS,N,32,31,3
127,A,0,LYS,CA,32,30,4
128,A,0,LYS,C,34,31,4
129,A,0,LYS,O,35,30,5
130,A,0,LYS,CB,32,29,4
131,A,0,LYS,CG,31,28,5
132,A,0,LYS,CD,31,27,4
133,A,0,LYS,CE,30,26,5
134,A,0,LYS,NZ,28,27,5
135,A,0,ARG,N,34,32,4
136,A,0,ARG,CA,35,32,3
137,A,0,ARG,C,36,33,4
138,A,0,ARG,O,38,32,4
139,A,0,ARG,CB,35,34,2
140,A,0,ARG,CG,35,35,3
141,A,0,ARG,CD,35,36,2
142,A,0,ARG,NE,34,37,2
143,A,0,ARG,CZ,33,38,1
144,A,0,ARG,NH1,32,37,1
145,A,0,ARG,NH2,33,39,1
146,A,0,GLY,N,36,33,6
147,A,0,GLY,CA,37,33,7
148,A,0,GLY,C,38,32,7
149,A,0,GLY,O,39,32,8
150,A,0,ILE,N,37,31,7
151,A,0,ILE,CA,38,29,7
152,A,0,ILE,C,39,29,6
153,A,0,ILE,O,39,28,6
154,A,0,ILE,CB,37,28,8
155,A,0,ILE,CG1,36,28,7
156,A,0,ILE,CG2,37,29,9
157,A,0,ILE,CD1,35,27,8
158,A,0,LEU,N,39,29,5
159,A,0,LEU,CA,39,29,3
160,A,0,LEU,C,40,29,3
161,A,0,LEU,O,40,31,3
162,A,0,LEU,CB,38,28,3
163,A,0,LEU,CG,37,28,3
164,A,0,LEU,CD1,36,28,2
165,A,0,LEU,CD2,36,26,3
166,A,0,THR,N,41,29,2
167,A,0,THR,CA,42,30,1
168,A,0,THR,CB,43,29,1
169,A,0,THR,OG1,43,28,1
170,A,0,THR,CG2,44,30,2
171,A,0,MET,CE,36,48,1
172,A,0,LEU,C,35,56,1
173,A,0,LEU,O,34,57,2
174,A,0,THR,N,36,55,1
175,A,0,THR,CA,36,55,3
176,A,0,THR,C,37,57,3
177,A,0,THR,O,37,57,4
178,A,0,THR,CB,38,54,3
179,A,0,THR,OG1,39,55,2
180,A,0,THR,CG2,37,53,3
181,A,0,GLU,N,37,57,1
182,A,0,GLU,CA,38,59,1
183,A,0,GLU,C,37,60,1
184,A,0,ARG,N,36,59,1
185,A,0,ARG,CB,33,60,1
186,A,0,GLY,N,35,60,4
187,A,0,GLY,CA,35,60,5
188,A,0,GLY,C,34,58,6
189,A,0,GLY,O,33,59,7
190,A,0,TYR,N,35,57,5
191,A,0,TYR,CA,34,56,6
192,A,0,TYR,C,35,55,6
193,A,0,TYR,O,36,55,6
194,A,0,TYR,CB,33,56,5
195,A,0,TYR,CG,32,56,5
196,A,0,TYR,CD1,31,57,6
197,A,0,TYR,CD2,32,57,3
198,A,0,TYR,CE1,30,58,5
199,A,0,TYR,CE2,31,58,3
200,A,0,TYR,CZ,30,58,4
201,A,0,TYR,OH,29,59,4
202,A,0,SER,N,34,54,7
203,A,0,SER,CA,35,53,7
204,A,0,SER,C,34,51,7
205,A,0,SER,O,33,51,7
206,A,0,SER,CB,35,53,8
207,A,0,SER,OG,37,52,9
208,A,0,PHE,N,35,51,6
209,A,0,PHE,CA,34,49,5
210,A,0,PHE,C,35,48,6
211,A,0,PHE,O,37,48,6
212,A,0,PHE,CB,34,49,4
213,A,0,PHE,CG,33,50,3
214,A,0,PHE,CD1,32,50,3
215,A,0,PHE,CD2,34,51,3
216,A,0,PHE,CE1,31,51,3
217,A,0,PHE,CE2,33,53,2
218,A,0,PHE,CZ,32,52,3
219,A,0,VAL,N,35,48,7
220,A,0,VAL,CA,36,47,8
221,A,0,VAL,C,36,46,8
222,A,0,VAL,O,36,45,8
223,A,0,VAL,CB,36,48,10
224,A,0,VAL,CG1,37,49,10
225,A,0,VAL,CG2,34,49,10
226,A,0,THR,N,34,45,9
227,A,0,THR,CA,34,44,9
228,A,0,THR,C,34,44,7
229,A,0,THR,O,34,44,6
230,A,0,THR,CB,33,44,10
231,A,0,THR,OG1,32,44,9
232,A,0,THR,CG2,33,44,11
233,A,0,THR,N,34,42,7
234,A,0,THR,CA,33,42,6
235,A,0,THR,C,32,42,5
236,A,0,THR,O,32,42,4
237,A,0,THR,CB,34,40,6
238,A,0,THR,OG1,34,40,5
239,A,0,THR,CG2,33,39,7
240,A,0,ALA,N,31,42,6
241,A,0,ALA,CA,30,43,6
242,A,0,ALA,C,30,44,5
243,A,0,ALA,O,29,45,5
244,A,0,ALA,CB,29,42,7
245,A,0,GLU,N,31,45,6
246,A,0,GLU,CA,31,46,5
247,A,0,GLU,C,32,46,4
248,A,0,GLU,O,31,47,3
249,A,0,GLU,CB,32,47,6
250,A,0,GLU,CG,32,47,7
251,A,0,GLU,CD,30,47,8
252,A,0,GLU,OE1,29,47,8
253,A,0,GLU,OE2,31,48,9
254,A,0,ARG,N,33,45,4
255,A,0,ARG,CA,33,45,2
256,A,0,ARG,C,32,45,1
257,A,0,ARG,O,32,45,0
258,A,0,ARG,CB,34,44,2
259,A,0,ARG,CG,35,43,1
260,A,0,ARG,CD,36,43,0
261,A,0,GLU,N,32,44,1
262,A,0,GLU,CA,31,43,0
263,A,0,GLU,CB,30,42,1
264,A,0,GLU,CD,29,39,0
265,A,0,GLU,OE1,29,39,1
266,A,0,ILE,N,29,45,1
267,A,0,ILE,CA,28,46,0
268,A,0,ILE,CB,27,46,1
269,A,0,ILE,CG1,26,46,1
270,A,0,ILE,CG2,28,47,2
271,A,0,ILE,CD1,25,46,2
272,A,0,SER,CA,22,58,1
273,A,0,SER,C,21,56,1
274,A,0,SER,O,20,56,0
275,A,0,SER,CB,22,58,2
276,A,0,SER,OG,23,59,3
277,A,0,TYR,N,22,55,1
278,A,0,TYR,CA,22,54,1
279,A,0,TYR,C,22,53,2
280,A,0,TYR,O,23,54,3
281,A,0,TYR,CB,23,53,0
282,A,0,TYR,CG,23,52,0
283,A,0,TYR,CD1,24,51,1
284,A,0,TYR,CE1,24,49,1
285,A,0,GLU,N,21,53,3
286,A,0,GLU,CA,21,52,4
287,A,0,GLU,C,22,51,4
288,A,0,GLU,O,21,50,4
289,A,0,GLU,CB,20,52,5
290,A,0,GLU,CG,20,51,6
291,A,0,GLU,CD,18,52,7
292,A,0,GLU,OE1,18,53,8
293,A,0,GLU,OE2,18,51,7
294,A,0,LEU,N,23,51,5
295,A,0,LEU,CA,24,49,5
296,A,0,LEU,C,23,48,6
297,A,0,LEU,O,22,48,6
298,A,0,LEU,CB,25,50,6
299,A,0,LEU,CG,26,50,5
300,A,0,LEU,CD1,26,51,5
301,A,0,LEU,CD2,27,50,6
302,A,0,PRO,N,24,47,6
303,A,0,PRO,CA,23,46,7
304,A,0,PRO,C,22,46,8
305,A,0,PRO,O,21,45,8
306,A,0,PRO,CB,24,45,7
307,A,0,PRO,CG,25,45,6
308,A,0,PRO,CD,25,47,6
309,A,0,ASP,N,23,47,9
310,A,0,ASP,CA,22,48,10
311,A,0,ASP,C,22,49,9
312,A,0,ASP,O,21,49,8
313,A,0,ASP,CB,23,48,11
314,A,0,ASP,CG,24,49,11
315,A,0,ASP,OD1,25,49,10
316,A,0,ASP,OD2,24,50,12
317,A,0,GLY,N,21,50,10
318,A,0,GLY,CA,21,51,10
319,A,0,GLY,C,22,52,9
320,A,0,GLY,O,21,53,8
321,A,0,GLN,N,23,52,10
322,A,0,GLN,CA,24,53,9
323,A,0,GLN,C,24,54,8
324,A,0,GLN,O,25,53,7
325,A,0,GLN,CB,25,52,10
326,A,0,GLN,CG,27,53,10
327,A,0,GLN,CD,27,54,9
328,A,0,GLN,OE1,29,53,9
329,A,0,GLN,NE2,27,55,9
330,A,0,VAL,N,23,55,8
331,A,0,VAL,CA,23,55,6
332,A,0,VAL,C,24,56,6
333,A,0,VAL,O,25,57,6
334,A,0,VAL,CB,22,56,7
335,A,0,VAL,CG1,20,55,7
336,A,0,VAL,CG2,22,57,8
337,A,0,ILE,N,25,55,5
338,A,0,ILE,CA,26,56,4
339,A,0,ILE,C,25,57,3
340,A,0,ILE,O,24,56,2
341,A,0,ILE,CB,27,55,4
342,A,0,ILE,CG1,28,55,4
343,A,0,ILE,CG2,26,54,3
344,A,0,ILE,CD1,29,54,4
345,A,0,THR,N,26,58,3
346,A,0,THR,CA,26,59,2
347,A,0,THR,C,27,59,1
348,A,0,THR,O,28,59,1
349,D,1,THR,O,32,40,20
350,D,1,THR,CG2,30,42,20
351,D,1,PHE,CA,33,37,20
352,D,1,PHE,C,32,37,18
353,D,1,PHE,O,31,37,18
354,D,1,PHE,CB,33,36,20
355,D,1,PHE,CG,34,35,19
356,D,1,PHE,CD1,34,34,18
357,D,1,PHE,CD2,35,35,20
358,D,1,PHE,CE1,35,34,17
359,D,1,PHE,CE2,36,34,19
360,D,1,PHE,CZ,36,34,18
361,D,1,GLY,N,33,38,18
362,D,1,GLY,CA,33,39,16
363,D,1,GLY,C,35,39,16
364,D,1,GLY,O,36,39,16
365,D,1,GLU,N,34,40,14
366,D,1,GLU,CA,36,40,14
367,D,1,GLU,C,36,41,14
368,D,1,GLU,O,38,41,14
369,D,1,GLU,CB,35,41,12
370,D,1,GLU,CG,35,40,11
371,D,1,GLU,CD,35,40,10
372,D,1,GLU,OE1,35,41,10
373,D,1,GLU,OE2,33,40,10
374,D,1,THR,N,35,42,15
375,D,1,THR,CA,36,43,16
376,D,1,THR,C,37,43,17
377,D,1,THR,O,38,43,17
378,D,1,THR,CB,35,44,16
379,D,1,THR,OG1,34,45,15
380,D,1,THR,CG2,35,45,17
381,D,1,LYS,N,36,42,18
382,D,1,LYS,CA,37,41,19
383,D,1,LYS,C,38,41,19
384,D,1,LYS,O,39,41,19
385,D,1,LYS,CB,36,40,20
386,D,1,MET,N,38,40,18
387,D,1,MET,CA,39,39,17
388,D,1,MET,C,40,40,17
389,D,1,MET,O,41,40,17
390,D,1,MET,CB,39,38,16
391,D,1,MET,CG,38,37,17
392,D,1,MET,SD,39,36,18
393,D,1,MET,CE,41,36,18
394,D,1,SER,N,40,41,16
395,D,1,SER,CA,41,42,16
396,D,1,SER,C,42,43,17
397,D,1,SER,O,43,43,16
398,D,1,SER,CB,40,43,15
399,D,1,SER,OG,40,43,14
400,D,1,ASN,N,41,43,18
401,D,1,ASN,CA,42,44,19
402,D,1,ASN,C,43,43,19
403,D,1,ASN,O,43,42,19
404,D,1,ALA,N,44,43,20
405,D,1,ALA,CA,45,42,20
406,D,1,ALA,CB,47,43,19
407,D,1,ALA,CB,43,39,20
408,D,1,GLU,C,29,34,20
409,D,1,GLU,O,29,36,20
410,D,1,VAL,N,29,33,19
411,D,1,VAL,CA,30,33,18
412,D,1,VAL,C,29,34,17
413,D,1,VAL,O,28,34,16
414,D,1,VAL,CB,30,32,17
415,D,1,VAL,CG1,31,32,16
416,D,1,VAL,CG2,31,31,18
417,D,1,ARG,N,29,36,17
418,D,1,ARG,CA,28,36,16
419,D,1,ARG,C,29,36,15
420,D,1,ARG,O,30,38,14
421,D,1,ARG,CB,28,38,16
422,D,1,ARG,CG,27,37,17
423,D,1,ARG,CD,26,38,18
424,D,1,ARG,NE,25,38,19
425,D,1,ARG,CZ,25,39,20
426,D,1,ARG,NH1,26,40,20
427,D,1,ASP,N,29,35,14
428,D,1,ASP,CA,30,35,13
429,D,1,ASP,C,30,35,11
430,D,1,ASP,O,30,34,11
431,D,1,ASP,CB,32,35,13
432,D,1,ASP,CG,33,35,13
433,D,1,ASP,OD1,33,36,12
434,D,1,ASP,OD2,34,34,13
435,D,1,SER,N,30,36,10
436,D,1,SER,CA,29,36,9
437,D,1,SER,C,29,35,8
438,D,1,SER,O,29,34,8
439,D,1,SER,CB,28,37,9
440,D,1,SER,OG,29,38,8
441,D,1,HIS,N,31,35,8
442,D,1,HIS,CA,32,35,7
443,D,1,HIS,C,32,34,8
444,D,1,HIS,O,33,33,7
445,D,1,HIS,CB,32,36,6
446,D,1,HIS,CG,31,36,5
447,D,1,HIS,ND1,30,37,6
448,D,1,HIS,CD2,31,36,4
449,D,1,HIS,CE1,30,38,5
450,D,1,HIS,NE2,30,37,4
451,D,1,LEU,N,33,34,9
452,D,1,LEU,CA,33,33,10
453,D,1,LEU,C,35,33,10
454,D,1,LEU,O,36,33,10
455,D,1,LEU,CB,33,31,9
456,D,1,LEU,CG,32,30,9
457,D,1,LEU,CD1,32,29,9
458,D,1,LEU,CD2,32,30,11
459,D,1,VAL,N,35,35,9
460,D,1,VAL,CA,36,35,9
461,D,1,VAL,C,37,35,11
462,D,1,VAL,O,38,35,11
463,D,1,VAL,CB,36,37,9
464,D,1,VAL,CG1,37,37,9
465,D,1,VAL,CG2,36,36,7
466,D,1,ALA,N,36,35,12
467,D,1,ALA,CA,37,36,13
468,D,1,ALA,C,37,34,14
469,D,1,ALA,O,38,34,15
470,D,1,ALA,CB,35,36,14
471,D,1,VAL,N,36,33,13
472,D,1,VAL,CA,37,32,14
473,D,1,VAL,C,38,31,13
474,D,1,VAL,O,39,31,14
475,D,1,VAL,CB,36,31,13
476,D,1,VAL,CG1,36,29,14
477,D,1,VAL,CG2,34,31,14
478,D,1,GLY,N,38,32,12
479,D,1,GLY,CA,39,32,11
480,D,1,GLY,C,40,32,12
481,D,1,GLY,O,41,32,12
482,D,1,LYS,N,40,34,12
483,D,1,LYS,CA,41,34,13
484,D,1,LYS,C,42,33,14
485,D,1,LYS,O,43,33,15
486,D,1,LYS,CB,41,36,13
487,D,1,LYS,CG,41,37,12
488,D,1,LYS,CD,42,38,13
489,D,1,LYS,CE,41,39,12
490,D,1,LYS,NZ,40,40,12
491,D,1,LEU,N,41,33,15
492,D,1,LEU,CA,41,32,16
493,D,1,LEU,C,42,31,16
494,D,1,LEU,O,43,31,17
495,D,1,LEU,CB,40,32,17
496,D,1,LEU,CG,40,31,18
497,D,1,LEU,CD1,41,32,19
498,D,1,LEU,CD2,38,31,19
499,D,1,LEU,N,41,30,15
500,D,1,LEU,CA,42,29,15
501,D,1,LEU,C,44,29,14
502,D,1,LEU,O,45,28,14
503,D,1,LEU,CB,42,28,14
504,D,1,LEU,CG,40,28,14
505,D,1,LEU,CD1,39,27,13
506,D,1,LEU,CD2,41,26,15
507,D,1,ASP,N,44,30,13
508,D,1,ASP,CA,45,31,13
509,D,1,ASP,C,46,31,14
510,D,1,ASP,O,47,30,14
511,D,1,ASP,CB,45,32,12
512,D,1,ASP,CG,44,32,11
513,D,1,ASP,OD1,44,31,10
514,D,1,ASP,OD2,44,33,10
515,D,1,TYR,N,46,32,15
516,D,1,TYR,CA,46,32,16
517,D,1,TYR,C,46,30,17
518,D,1,TYR,O,48,30,17
519,D,1,TYR,CB,46,33,17
520,D,1,TYR,CG,46,34,17
521,D,1,TYR,CD1,47,35,18
522,D,1,TYR,CD2,45,35,17
523,D,1,TYR,CE1,47,36,18
524,D,1,TYR,CE2,45,36,17
525,D,1,TYR,CZ,46,37,17
526,D,1,TYR,OH,46,38,17
527,D,1,LEU,N,46,30,17
528,D,1,LEU,CA,46,28,18
529,D,1,LEU,C,47,27,17
530,D,1,LEU,O,47,27,18
531,D,1,LEU,CB,44,28,18
532,D,1,LEU,CG,43,29,19
533,D,1,LEU,CD1,42,28,19
534,D,1,ASN,N,47,27,16
535,D,1,ASN,CA,47,27,15
536,D,1,ASN,C,49,27,14
537,D,1,ASN,O,49,27,13
538,D,1,ASN,CB,46,26,14
539,D,1,ASN,CG,45,25,15
540,D,1,ASN,OD1,46,24,16
541,D,1,ASN,ND2,44,25,14
542,D,1,GLN,N,49,28,15
543,D,1,GLN,CA,50,29,14
544,D,1,GLN,C,51,28,14
545,D,1,GLN,O,52,28,13
546,D,1,GLN,CB,51,30,15
547,D,1,GLN,CG,51,30,16
548,D,1,GLN,CD,51,31,17
549,D,1,GLN,OE1,50,32,17
550,D,1,GLN,NE2,51,31,18
551,D,1,ASP,N,52,27,15
552,D,1,ASP,CA,53,26,15
553,D,1,ASP,C,53,25,15
554,D,1,ASP,O,54,24,15
555,D,1,ASP,CB,54,27,16
556,D,1,ASP,CG,53,28,17
557,D,1,ASP,OD1,52,28,18
558,D,1,ASP,OD2,54,29,17
559,D,1,ASP,N,52,24,15
560,D,1,ASP,CA,51,23,15
561,D,1,ASP,C,50,23,14
562,D,1,ASP,O,49,24,15
563,D,1,ASP,CB,51,22,16
564,D,1,ASP,CG,51,20,15
565,D,1,ASP,OD1,50,20,14
566,D,1,ASP,OD2,51,19,16
567,D,1,PRO,N,50,23,13
568,D,1,PRO,CA,49,23,12
569,D,1,PRO,C,47,22,13
570,D,1,PRO,O,46,23,13
571,D,1,PRO,CB,49,22,11
572,D,1,PRO,CG,50,22,11
573,D,1,PRO,CD,51,22,12
574,D,1,ASN,N,48,21,14
575,D,1,ASN,CA,46,21,14
576,D,1,ASN,C,46,21,16
577,D,1,ASN,O,46,20,16
578,D,1,ASN,CB,46,19,14
579,D,1,ASN,CG,46,19,12
580,D,1,ASN,OD1,45,19,12
581,D,1,ASN,ND2,48,18,12
582,D,1,THR,N,47,22,16
583,D,1,THR,CA,47,22,18
584,D,1,THR,C,45,22,18
585,D,1,THR,O,45,21,19
586,D,1,THR,CB,47,23,18
587,D,1,THR,OG1,49,23,18
588,D,1,THR,CG2,47,23,20
589,D,1,TYR,N,44,22,17
590,D,1,TYR,CA,43,22,18
591,D,1,TYR,C,42,22,16
592,D,1,TYR,O,42,23,15
593,D,1,TYR,CB,42,24,18
594,D,1,TYR,CG,43,24,20
595,D,1,HIS,N,41,21,16
596,D,1,HIS,CA,40,21,15
597,D,1,HIS,C,39,22,16
598,D,1,HIS,O,38,22,17
599,D,1,HIS,CB,40,20,15
600,D,1,HIS,CG,41,19,14
601,D,1,HIS,ND1,41,18,14
602,D,1,HIS,CD2,42,20,14
603,D,1,HIS,CE1,42,18,13
604,D,1,HIS,NE2,43,19,13
605,D,1,TYR,N,38,22,15
606,D,1,TYR,CA,37,23,15
607,D,1,TYR,C,35,22,15
608,D,1,TYR,O,35,21,14
609,D,1,TYR,CB,36,24,15
610,D,1,TYR,CG,36,24,13
611,D,1,TYR,CD1,38,24,12
612,D,1,TYR,CD2,35,24,12
613,D,1,TYR,CE1,38,24,11
614,D,1,TYR,CE2,35,24,11
615,D,1,TYR,CZ,36,24,10
616,D,1,TYR,OH,36,24,9
617,D,1,VAL,N,34,22,15
618,D,1,VAL,CA,33,22,15
619,D,1,VAL,C,32,23,15
620,D,1,VAL,O,32,24,16
621,D,1,VAL,CB,32,21,16
622,D,1,VAL,CG1,31,21,15
623,D,1,VAL,CG2,33,19,16
624,D,1,VAL,N,31,24,14
625,D,1,VAL,CA,31,25,14
626,D,1,VAL,C,29,25,14
627,D,1,VAL,O,29,24,13
628,D,1,VAL,CB,32,26,13
629,D,1,VAL,CG1,32,26,12
630,D,1,VAL,CG2,31,27,14
631,D,1,SER,N,28,25,14
632,D,1,SER,CA,27,25,14
633,D,1,SER,C,27,26,13
634,D,1,SER,O,28,27,12
635,D,1,SER,CB,26,26,15
636,D,1,SER,OG,26,27,15
637,D,1,GLU,N,26,26,12
638,D,1,GLU,CA,25,27,11
639,D,1,GLU,C,25,28,12
640,D,1,GLU,O,24,28,13
641,D,1,GLU,CB,24,27,10
642,D,1,GLU,CG,25,26,9
643,D,1,GLU,CD,26,27,8
644,D,1,GLU,OE1,26,28,8
645,D,1,GLU,OE2,26,26,7
646,D,1,PRO,N,24,30,12
647,D,1,PRO,CA,24,31,12
648,D,1,PRO,C,22,30,13
649,D,1,PRO,O,22,30,12
650,D,1,PRO,CB,24,32,12
651,D,1,PRO,CG,25,32,11
652,D,1,PRO,CD,25,30,10
653,D,1,LEU,N,22,31,14
654,D,1,LEU,CA,21,30,15
655,D,1,LEU,C,20,31,15
656,D,1,LEU,O,21,32,16
657,D,1,LEU,CB,21,29,16
658,D,1,LEU,CG,21,28,16
659,D,1,LEU,CD1,22,27,14
660,D,1,LEU,CD2,23,27,17
661,D,1,GLY,N,19,31,15
662,D,1,GLY,CA,18,32,16
663,D,1,GLY,C,16,32,15
664,D,1,GLY,O,16,33,14
665,D,1,ARG,N,15,32,16
666,D,1,ARG,CA,14,33,16
667,D,1,ARG,C,14,34,15
668,D,1,ARG,O,14,35,14
669,D,1,ARG,CB,13,32,16
670,D,1,ARG,CG,13,32,18
671,D,1,ARG,CD,12,31,19
672,D,1,ASN,N,14,35,16
673,D,1,ASN,CA,15,36,17
674,D,1,ASN,C,15,37,15
675,D,1,ASN,O,15,38,15
676,D,1,ASN,CB,16,36,18
677,D,1,ASN,CG,17,35,18
678,D,1,ASN,OD1,17,34,18
679,D,1,ASN,ND2,18,35,17
680,D,1,SER,N,16,36,15
681,D,1,SER,CA,17,37,13
682,D,1,SER,C,18,38,14
683,D,1,SER,O,17,39,13
684,D,1,SER,CB,16,37,12
685,D,1,SER,OG,15,36,12
686,D,1,TYR,N,19,38,14
687,D,1,TYR,CA,20,38,15
688,D,1,TYR,C,21,37,15
689,D,1,TYR,O,20,37,16
690,D,1,TYR,CB,20,39,16
691,D,1,TYR,CG,21,40,16
692,D,1,TYR,CD1,22,41,15
693,D,1,TYR,CD2,21,40,18
694,D,1,TYR,CE1,23,41,16
695,D,1,TYR,CE2,23,40,18
696,D,1,TYR,CZ,23,41,17
697,D,1,TYR,OH,25,41,18
698,D,1,LYS,N,22,37,14
699,D,1,LYS,CA,22,35,15
700,D,1,LYS,C,23,35,15
701,D,1,LYS,O,24,36,15
702,D,1,LYS,CB,22,34,14
703,D,1,LYS,CG,20,34,13
704,D,1,LYS,CD,20,34,12
705,D,1,LYS,CE,19,34,11
706,D,1,LYS,NZ,18,33,12
707,D,1,GLU,N,23,34,16
708,D,1,GLU,CA,25,33,16
709,D,1,GLU,C,25,32,16
710,D,1,GLU,O,24,31,16
711,D,1,GLU,CB,25,34,18
712,D,1,GLU,CG,24,33,19
713,D,1,ARG,N,26,31,16
714,D,1,ARG,CA,27,30,16
715,D,1,ARG,C,27,29,17
716,D,1,ARG,O,27,30,18
717,D,1,ARG,CB,28,30,15
718,D,1,ARG,CG,28,31,14
719,D,1,ARG,CD,29,30,13
720,D,1,ARG,NE,29,31,12
721,D,1,ARG,CZ,29,31,11
722,D,1,ARG,NH1,28,29,10
723,D,1,ARG,NH2,29,31,9
724,D,1,TYR,N,27,28,17
725,D,1,TYR,CA,28,27,18
726,D,1,TYR,C,29,27,18
727,D,1,TYR,O,29,26,17
728,D,1,TYR,CB,27,26,19
729,D,1,TYR,CG,26,26,20
730,D,1,TYR,CD2,25,26,19
731,D,1,TYR,CE2,23,26,20
732,D,1,LEU,N,30,27,19
733,D,1,LEU,CA,32,27,18
734,D,1,LEU,C,32,26,19
735,D,1,LEU,CB,33,28,18
736,D,1,LEU,CG,34,28,18
737,D,1,LEU,CD1,34,27,16
738,D,1,LEU,CD2,35,29,18
739,D,1,PHE,N,33,24,19
740,D,1,PHE,CA,33,24,20
741,D,1,PHE,C,35,24,19
742,D,1,PHE,O,35,23,18
743,D,1,PHE,CB,33,22,20
744,D,1,PHE,CD1,31,22,19
745,D,1,PHE,CE1,29,22,19
746,D,1,LEU,N,36,24,20
747,D,1,LEU,CA,37,24,19
748,D,1,LEU,CB,38,25,20
749,D,1,LEU,CG,38,26,19
750,D,1,LEU,CD1,38,27,20
751,D,1,LEU,CD2,39,26,18
752,D,1,PHE,N,38,21,20
753,D,1,PHE,O,41,20,19
754,D,1,PHE,CG,38,19,19
755,D,1,PHE,CD1,37,19,19
756,D,1,PHE,CD2,39,18,19
757,D,1,PHE,CE1,37,19,17
758,D,1,PHE,CE2,39,17,18
759,D,1,PHE,CZ,38,18,17
760,D,1,PRO,N,43,18,19
761,D,1,PRO,CA,43,16,18
762,D,1,PRO,C,43,15,19
763,D,1,PRO,O,43,14,19
764,D,1,PRO,CB,43,17,17
765,D,1,PRO,CG,44,18,17
766,D,1,PRO,CD,43,19,18
767,D,1,ASN,N,44,15,20
768,D,1,VAL,O,40,14,20
769,D,1,SER,N,38,13,20
770,D,1,SER,CA,38,13,18
771,D,1,SER,C,37,13,18
772,D,1,SER,O,36,13,19
773,D,1,SER,CB,38,11,18
774,D,1,SER,OG,39,10,19
775,D,1,VAL,N,36,13,17
776,D,1,VAL,CA,35,14,17
777,D,1,VAL,C,34,12,16
778,D,1,VAL,O,34,12,15
779,D,1,VAL,CB,34,15,16
780,D,1,VAL,CG1,33,15,16
781,D,1,VAL,CG2,35,16,17
782,D,1,LEU,N,33,11,17
783,D,1,LEU,CA,33,10,16
784,D,1,LEU,C,31,11,15
785,D,1,LEU,O,31,10,14
786,D,1,LEU,CB,32,9,17
787,D,1,LEU,CG,33,8,18
788,D,1,LEU,CD1,33,8,19
789,D,1,LEU,CD2,34,7,17
790,D,1,ASP,N,31,12,16
791,D,1,ASP,CA,29,12,15
792,D,1,ASP,C,29,13,16
793,D,1,ASP,O,29,14,17
794,D,1,ASP,CB,28,11,15
795,D,1,ASP,CG,28,11,14
796,D,1,ASP,OD1,28,12,13
797,D,1,ASP,OD2,28,9,13
798,D,1,THR,N,28,14,15
799,D,1,THR,CA,27,15,15
800,D,1,THR,C,26,15,15
801,D,1,THR,O,26,15,13
802,D,1,THR,CB,28,16,14
803,D,1,THR,OG1,29,16,15
804,D,1,THR,CG2,28,17,14
805,D,1,TYR,N,25,16,15
806,D,1,TYR,CA,24,17,15
807,D,1,TYR,C,23,18,15
808,D,1,TYR,O,24,18,16
809,D,1,TYR,CB,23,15,15
810,D,1,TYR,CG,22,15,16
811,D,1,TYR,CD1,21,16,16
812,D,1,TYR,CD2,23,14,17
813,D,1,TYR,CE1,20,16,17
814,D,1,TYR,CE2,22,14,18
815,D,1,TYR,CZ,21,15,18
816,D,1,TYR,OH,20,14,20
817,D,1,GLN,N,23,19,15
818,D,1,GLN,CA,22,20,15
819,D,1,GLN,C,20,19,16
820,D,1,GLN,O,20,19,15
821,D,1,GLN,CB,22,21,14
822,D,1,GLN,CG,21,22,15
823,D,1,GLN,CD,22,23,15
824,D,1,GLN,OE1,23,23,14
825,D,1,GLN,NE2,23,24,16
826,D,1,TYR,N,20,20,17
827,D,1,TYR,CA,19,19,17
828,D,1,TYR,C,18,20,17
829,D,1,TYR,O,18,21,16
830,D,1,TYR,CB,19,20,19
831,D,1,TYR,CG,17,19,19
832,D,1,TYR,CD1,17,18,20
833,D,1,TYR,CD2,16,20,20
834,D,1,ASP,N,17,19,16
835,D,1,ASP,CA,16,19,16
836,D,1,ASP,C,14,20,16
837,D,1,ASP,O,14,19,17
838,D,1,ASP,CB,15,18,15
839,D,1,ASP,CG,14,19,14
840,D,1,ASP,OD1,14,20,13
841,D,1,ASP,OD2,14,18,13
842,D,1,ASP,N,15,21,17
843,D,1,ASP,CA,14,22,18
844,D,1,ASP,C,12,22,17
845,D,1,ASP,O,11,23,18
846,D,1,ASP,CB,14,23,18
847,D,1,ASP,CG,14,24,18
848,D,1,ASP,OD1,14,24,16
849,D,1,ASP,OD2,14,25,18
850,D,1,GLY,N,12,22,16
851,D,1,GLY,CA,11,22,15
852,D,1,GLY,C,11,23,14
853,D,1,GLY,O,9,24,14
854,D,1,CYS,N,12,24,14
855,D,1,CYS,CA,12,25,13
856,D,1,CYS,C,14,25,14
857,D,1,CYS,O,14,26,14
858,D,1,CYS,CB,11,26,13
859,D,1,CYS,SG,10,27,12
860,D,1,CYS,N,7,29,12
861,D,1,CYS,CA,6,28,12
862,D,1,CYS,C,5,28,13
863,D,1,CYS,O,4,28,14
864,D,1,CYS,CB,7,26,12
865,D,1,CYS,SG,8,26,14
866,D,1,GLY,N,6,29,14
867,D,1,GLY,CA,5,29,16
868,D,1,GLY,C,6,28,17
869,D,1,GLY,O,6,28,18
870,D,1,ASN,N,6,27,17
871,D,1,ASN,CA,6,26,18
872,D,1,ASN,C,8,26,18
873,D,1,ASN,O,8,25,20
874,D,1,ASN,CB,6,24,17
875,D,1,ASN,CG,7,23,17
876,D,1,ASN,OD1,8,23,17
877,D,1,ASN,ND2,7,23,15
878,D,1,ASP,N,9,26,17
879,D,1,ASP,CA,10,25,18
880,D,1,ASP,C,11,26,19
881,D,1,ASP,O,10,27,20
882,D,1,ASP,CB,11,26,17
883,D,1,ASP,CG,11,28,17
884,D,1,ASP,OD1,10,28,17
885,D,1,ASP,OD2,12,28,17
886,D,1,SER,N,11,25,20
887,D,1,PHE,O,15,28,19
888,D,1,SER,C,17,30,19
889,D,1,SER,O,17,30,18
890,D,1,ARG,N,18,29,20
891,D,1,ARG,CA,19,28,19
892,D,1,ARG,C,19,27,20
893,D,1,ARG,CB,20,29,20
894,D,1,ARG,CG,20,31,19
895,D,1,GLU,N,19,26,19
896,D,1,GLU,CA,19,25,19
897,D,1,GLU,C,20,24,19
898,D,1,GLU,O,21,24,18
899,D,1,GLU,CB,19,24,17
900,D,1,GLU,CG,17,24,17
901,D,1,GLU,CD,17,26,16
902,D,1,GLU,OE1,18,26,15
903,D,1,GLU,OE2,17,27,17
904,D,1,PRO,C,22,22,19
905,D,1,PRO,O,22,21,19
906,D,1,ALA,N,24,22,19
907,D,1,ALA,CA,24,21,18
908,D,1,ALA,C,25,20,19
909,D,1,ALA,CB,26,22,18
910,D,1,VAL,N,25,19,19
911,D,1,VAL,CA,25,18,20
912,D,1,VAL,C,26,17,19
913,D,1,VAL,O,26,17,18
914,D,1,VAL,CB,24,17,20
915,D,1,VAL,N,27,17,20
916,D,1,VAL,CA,29,16,19
917,D,1,VAL,CB,30,17,19
918,D,1,VAL,CG1,31,17,19
919,D,1,VAL,CG2,29,19,19
920,D,1,LYS,N,29,14,20
921,D,1,LYS,O,32,13,19
922,D,1,LYS,CB,29,12,19
923,D,1,LYS,CD,29,9,19
924,D,1,LYS,CE,29,8,20
925,D,1,LYS,NZ,29,7,19
926,D,1,ASP,CG,17,14,19
927,D,1,ASP,OD1,16,13,19
928,D,1,ASP,OD2,18,14,19
929,D,1,GLN,C,18,7,20
930,D,1,GLN,O,19,6,19
931,D,1,LYS,N,19,8,19
932,D,1,LYS,CA,20,8,18
933,D,1,LYS,C,21,8,19
934,D,1,LYS,O,21,6,18
935,D,1,LYS,CB,20,10,18
936,D,1,LYS,CG,19,10,17
937,D,1,LYS,CD,20,11,16
938,D,1,LYS,CE,18,12,15
939,D,1,LYS,NZ,18,13,16
940,D,1,TRP,N,22,8,19
941,D,1,TRP,CA,23,7,20
942,D,1,TRP,CB,24,8,20
943,D,1,TRP,CG,24,9,19
944,D,1,TRP,CD1,24,9,18
945,D,1,TRP,CD2,25,11,19
946,D,1,TRP,NE1,25,10,17
947,D,1,TRP,CE2,25,11,18
948,D,1,TRP,CE3,25,12,20
949,D,1,TRP,CZ2,26,12,17
950,D,1,TRP,CZ3,26,13,20
951,D,1,TRP,CH2,26,13,18
952,D,1,HIS,CD2,21,3,20
953,D,1,HIS,NE2,20,3,19
